Run,Execution Time (s)
1,13.159905910491943
2,12.774778842926025
3,12.74592900276184
4,12.870545864105225
5,12.964660167694092
6,13.177004098892212
7,13.184212923049927
8,13.697335720062256
9,13.452550172805786
10,13.733903884887695
